create database if not exists integrate_test DEFAULT CHARSET=utf8;


CREATE /*test hash*/ TABLE integrate_test.t1 (
  gesuchnr int(11) DEFAULT '0' NOT NULL,
  benutzer_id int(11) DEFAULT '0' NOT NULL,
  PRIMARY KEY (gesuchnr,benutzer_id)
);


replace into integrate_test.t1 (gesuchnr,benutzer_id) values (2,1);

replace into integrate_test.t1 (gesuchnr,benutzer_id) values (1,1);

replace into integrate_test.t1 (gesuchnr,benutzer_id) values (1,1);

replace into integrate_test.t1 (gesuchnr,benutzer_id) values (1,1);

replace /*Column count doesn't match value count*/ into integrate_test.t1 (gesuchnr,benutzer_id) values (1,1,1),(2,3);
ERROR 1136 (21S01): Column count doesn't match value count at row 1

select * from integrate_test.t1 order by integrate_test.t1.gesuchnr asc;
gesuchnr	benutzer_id
1	1
2	1

drop table integrate_test.t1;


create table integrate_test.t2 (a bigint not null auto_increment primary key, b char(20) default "default_value");

insert into integrate_test.t2 values (126,"first"),(63, "middle"),(0,"last");

insert /*error: dup*/ into integrate_test.t2 values (0,"error");

replace /*error: dup*/ into integrate_test.t2 values (0,"error");

replace into integrate_test.t2 values (126,"first updated");

replace into integrate_test.t2 values (63,default);

replace /*Column count doesn't match value count*/ into integrate_test.t2 values (63,default, "column out");
ERROR 1136 (21S01): Column count doesn't match value count at row 1

select * from integrate_test.t2 order by integrate_test.t2.a;
a	b
1	last
2	error
3	error
63	default_value
126	first updated

drop table integrate_test.t2;


CREATE /*test single*/ TABLE integrate_test.t1 (
  gesuchnr int(11) DEFAULT '0' NOT NULL,
  benutzer_id int(11) DEFAULT '0' NOT NULL,
  PRIMARY KEY (gesuchnr,benutzer_id)
) single;


replace into integrate_test.t1 (gesuchnr,benutzer_id) values (2,1);

replace into integrate_test.t1 (gesuchnr,benutzer_id) values (1,1);

replace into integrate_test.t1 (gesuchnr,benutzer_id) values (1,1);

replace into integrate_test.t1 (gesuchnr,benutzer_id) values (1,1);

replace /*Column count doesn't match value count*/ into integrate_test.t1 (gesuchnr,benutzer_id) values (1,1,1);
ERROR 1136 (21S01): Column count doesn't match value count at row 1

select * from integrate_test.t1 order by integrate_test.t1.gesuchnr asc;
gesuchnr	benutzer_id
1	1
2	1

drop table integrate_test.t1;


create table integrate_test.t2 (a bigint not null auto_increment primary key, b char(20) default "default_value") single;

insert into integrate_test.t2 values (126,"first"),(63, "middle"),(0,"last");

insert /*error: dup*/ into integrate_test.t2 values (0,"error");

replace /*error: dup*/ into integrate_test.t2 values (0,"error");

replace into integrate_test.t2 values (126,"first updated");

replace into integrate_test.t2 values (63,default);

replace /*Column count doesn't match value count*/ into integrate_test.t2 values (63,default, "column out");
ERROR 1136 (21S01): Column count doesn't match value count at row 1

select * from integrate_test.t2 order by integrate_test.t2.a;
a	b
63	default_value
126	first updated
127	last
130	error
131	error

drop table integrate_test.t2;


CREATE /*test global*/ TABLE integrate_test.t1 (
  gesuchnr int(11) DEFAULT '0' NOT NULL,
  benutzer_id int(11) DEFAULT '0' NOT NULL,
  PRIMARY KEY (gesuchnr,benutzer_id)
) global;


replace into integrate_test.t1 (gesuchnr,benutzer_id) values (2,1);

replace into integrate_test.t1 (gesuchnr,benutzer_id) values (1,1);

replace into integrate_test.t1 (gesuchnr,benutzer_id) values (1,1);

replace into integrate_test.t1 (gesuchnr,benutzer_id) values (1,1);

replace /*Column count doesn't match value count*/ into integrate_test.t1 (gesuchnr,benutzer_id) values (1,1,1);
ERROR 1136 (21S01): Column count doesn't match value count at row 1

select * from integrate_test.t1 order by integrate_test.t1.gesuchnr asc;
gesuchnr	benutzer_id
1	1
2	1

drop table integrate_test.t1;


create table integrate_test.t2 (a bigint not null auto_increment primary key, b char(20) default "default_value") global;

insert into integrate_test.t2 values (126,"first"),(63, "middle"),(0,"last");

insert /*error: dup*/ into integrate_test.t2 values (0,"error");

replace /*error: dup*/ into integrate_test.t2 values (0,"error");

replace into integrate_test.t2 values (126,"first updated");

replace into integrate_test.t2 values (63,default);

replace /*Column count doesn't match value count*/ into integrate_test.t2 values (63,default, "column out");
ERROR 1136 (21S01): Column count doesn't match value count at row 1

select * from integrate_test.t2 order by integrate_test.t2.a;
a	b
63	default_value
126	first updated
127	last
130	error
131	error

drop table integrate_test.t2;


drop table if exists integrate_test.t1,integrate_test.t2;

create /*test partition list*/ table integrate_test.t_list(c1 int, c2 int) ENGINE=InnoDB DEFAULT CHARSET=utf8 partition by list(c1) (partition backend1 values in (1,3,7), partition backend2 values in (2,5,8));

insert into integrate_test.t_list values (1,2), (3,5), (2,4);

insert /*test error: has no parition*/ into integrate_test.t_list values (10,2), (13,5);
ERROR 1105 (HY000): Table has no partition for value 10

select * from integrate_test.t_list order by integrate_test.t_list.c1 asc;
c1	c2
1	2
2	4
3	5

replace into integrate_test.t_list values (5,4), (7,9), (8,8);

replace /*Column count doesn't match value count*/ into integrate_test.t_list values (1,4,8), (2,8,0);
ERROR 1136 (21S01): Column count doesn't match value count at row 1

select * from integrate_test.t_list order by integrate_test.t_list.c1 asc;
c1	c2
1	2
2	4
3	5
5	4
7	9
8	8

drop table integrate_test.t_list;


drop database integrate_test;
